Comment,Designator,Footprint,LCSC, LCSC, MPN
"Battery_Cell","BT1,BT2","Battery:BatteryHolder_MPD_BH-18650-PC2",""
"1nF","C1,C2","Capacitor_SMD:C_0805_2012Metric_Pad1.15x1.40mm_HandSolder","","C46653","CL21B102KBCNNNC"
"NC","C10,C9","Capacitor_SMD:C_0603_1608Metric",""
"10uF","C3,C4,C11,C12,C6","Capacitor_SMD:C_1210_3225Metric_Pad1.42x2.65mm_HandSolder","","C13585","CL31A106KBHNNNE"
"100nF","C5,C13,C8,C7","Capacitor_SMD:C_0805_2012Metric_Pad1.15x1.40mm_HandSolder","","C28233","CL21B104KCFNNNE"
"B230-13-F","D1","Diode_SMD:D_SMB",""," C110482","B230-13-F"
"LED","D3,D2","LED_SMD:LED_0603_1608Metric_Pad1.05x0.95mm_HandSolder","","C72043","19-217/GHC-YR1S2/3T"
"Fuse","F1","Fuse:Fuse_1206_3216Metric","","C3105","0466002.NRHF"
"MountingHole","H4,H3,H2,H1","MountingHole:MountingHole_3.2mm_M3_Pad_Via",""
"Conn_02x05_Odd_Even","J1","Connector_PinHeader_1.27mm:PinHeader_2x05_P1.27mm_Vertical_SMD",""
"Conn_01x06","J2","Connector_PinHeader_2.54mm:PinHeader_1x06_P2.54mm_Horizontal",""
"Conn_01x02_Male","J4,J3","Connector_JST:JST_PH_S2B-PH-SM4-TB_1x02-1MP_P2.00mm_Horizontal",""
"Conn_01x08","J5","Custom:LED_shield",""
"Conn_01x03_Male","J7,J6","Connector_PinHeader_2.54mm:PinHeader_1x03_P2.54mm_Vertical",""
"Conn_01x02_Male","J8","Connector_PinHeader_2.54mm:PinHeader_1x02_P2.54mm_Vertical",""
"Conn_01x08_Male","J9,J10","Connector_PinHeader_2.54mm:PinHeader_1x08_P2.54mm_Vertical_SMD_Pin1Left",""
"Jumper_NO_Small","JP1,JP2,JP3,JP4,JP5","Jumper:SolderJumper-2_P1.3mm_Open_RoundedPad1.0x1.5mm",""
"SolderJumper_3_Bridged12","JP7,JP6","Jumper:SolderJumper-3_P1.3mm_Bridged12_RoundedPad1.0x1.5mm",""
"DMG3406L","Q2,Q3,Q4,Q5,Q1","Package_TO_SOT_SMD:SOT-23","","C154722","DMG3420U-7"
"BC817","Q6","Package_TO_SOT_SMD:SOT-23",""
"100R","R1,R2,R3,R4,R10,R11,R12,R13,R14","Resistor_SMD:R_0805_2012Metric_Pad1.15x1.40mm_HandSolder","","C17408","0805W8F1000T5E"
"0R5","R24,R23,R22,R20,R18","Resistor_SMD:R_1210_3225Metric_Pad1.42x2.65mm_HandSolder","","C21355","1210W3F500LT5E"
"1k","R28,R27,R25","Resistor_SMD:R_0805_2012Metric_Pad1.15x1.40mm_HandSolder","","C17513","0805W8F1001T5E"
"806k","R5,R8","Resistor_SMD:R_0805_2012Metric_Pad1.15x1.40mm_HandSolder","","C63494","0805W8F8063T5E"
"2M","R6,R7","Resistor_SMD:R_0805_2012Metric_Pad1.15x1.40mm_HandSolder","","C26112","0805W8F2004T5E"
"100k","R9,R16,R17,R19,R21,R15,R29,R26","Resistor_SMD:R_0805_2012Metric_Pad1.15x1.40mm_HandSolder","","C17407","0805W8F1003T5E"
"SW_Push_SPDT","SW1","Button_Switch_SMD:SW_SPDT_CK-JS102011SAQN",""
"SW_Push","SW3,SW2","Button_Switch_SMD:Panasonic_EVQPUL_EVQPUC",""
"TestPoint","TP1,TP2","TestPoint:TestPoint_Pad_D1.5mm",""
"E73-2G4M04S-52832","U1","RF_Module:E73-2G4M04S",""
"TP4056-module","U2","Module:TP4056-module",""
"AP2112K-3.3","U3","Package_TO_SOT_SMD:SOT-23-5","","C51118","AP2112K-3.3TRG1"
"Logo_NM","U4","Custom:Logo_NM",""